ISIN,Bond Code,Bond Type,Issue Start Date,Issue Start Date
CND10007C3L8,239982,Treasury Bond,2023-12-22,2023-12-22
CND10007C3M6,230028,Treasury Bond,2023-12-22,2023-12-22
CND10007C3B9,239981,Treasury Bond,2023-12-15,2023-12-15
CND10007C2Y3,239980,Treasury Bond,2023-12-14,2023-12-14
CND1000776R0,230027,Treasury Bond,2023-12-14,2023-12-14
CND1000776S8,239979,Treasury Bond,2023-12-08,2023-12-08
CND1000775V4,239978,Treasury Bond,2023-12-06,2023-12-06
CND1000774F0,239977,Treasury Bond,2023-12-01,2023-12-01
CND1000764D6,239976,Treasury Bond,2023-12-01,2023-12-01
CND100076488,239975,Treasury Bond,2023-11-24,2023-11-24
CND100076348,230026,Treasury Bond,2023-11-24,2023-11-24
CND1000762Z3,239974,Treasury Bond,2023-11-17,2023-11-17
CND100076280,239973,Treasury Bond,2023-11-17,2023-11-17
CND100074JJ4,230025,Treasury Bond,2023-11-14,2023-11-14
CND100074JG0,239972,Treasury Bond,2023-11-10,2023-11-10
CND100074JL0,239970,Treasury Bond,2023-11-08,2023-11-08
CND100074JK2,239971,Treasury Bond,2023-11-08,2023-11-08
CND100074JM8,239969,Treasury Bond,2023-11-08,2023-11-08
CND100074J10,239968,Treasury Bond,2023-11-03,2023-11-03
CND100074DX8,239967,Treasury Bond,2023-10-27,2023-10-27
CND100072HK0,239966,Treasury Bond,2023-10-27,2023-10-27
CND100072G72,230024,Treasury Bond,2023-10-24,2023-10-24
CND100072H97,239965,Treasury Bond,2023-10-20,2023-10-20
CND100072FF4,239964,Treasury Bond,2023-10-20,2023-10-20
CND100072DF9,239963,Treasury Bond,2023-10-13,2023-10-13
CND1000716X4,230023,Treasury Bond,2023-10-13,2023-10-13
CND1000716Y2,230022,Treasury Bond,2023-10-13,2023-10-13
CND100072D00,239962,Treasury Bond,2023-10-11,2023-10-11
CND100072CZ9,239961,Treasury Bond,2023-10-11,2023-10-11
CND100070BW2,239960,Treasury Bond,2023-09-22,2023-09-22
CND10006ZK08,230021,Treasury Bond,2023-09-22,2023-09-22
CND10006ZK16,230020,Treasury Bond,2023-09-22,2023-09-22
CND10006ZK24,239959,Treasury Bond,2023-09-22,2023-09-22
CND1000709B5,239958,Treasury Bond,2023-09-15,2023-09-15
CND10006ZG95,230019,Treasury Bond,2023-09-14,2023-09-14
CND10006ZG87,239957,Treasury Bond,2023-09-08,2023-09-08
CND10006Z0R5,239956,Treasury Bond,2023-09-06,2023-09-06
CND10006Z0Q7,239955,Treasury Bond,2023-09-06,2023-09-06
CND10006YXR2,239954,Treasury Bond,2023-09-01,2023-09-01
CND10006WZW1,239953,Treasury Bond,2023-09-01,2023-09-01
CND10006WPD2,239952,Treasury Bond,2023-08-25,2023-08-25
CND10006VRW0,239951,Treasury Bond,2023-08-25,2023-08-25
CND10006VQZ5,230018,Treasury Bond,2023-08-24,2023-08-24
CND10006VR05,239950,Treasury Bond,2023-08-18,2023-08-18
CND10006VNH0,230017,Treasury Bond,2023-08-14,2023-08-14
CND10006VPQ6,239949,Treasury Bond,2023-08-11,2023-08-11
CND10006VNZ2,239947,Treasury Bond,2023-08-09,2023-08-09
CND10006VNY5,239948,Treasury Bond,2023-08-09,2023-08-09
CND10006VC36,239946,Treasury Bond,2023-08-04,2023-08-04
CND10006V9L3,239945,Treasury Bond,2023-08-04,2023-08-04
CND10006V0Z2,239944,Treasury Bond,2023-07-28,2023-07-28
CND10006S9G8,230016,Treasury Bond,2023-07-24,2023-07-24
CND10006SSF9,239943,Treasury Bond,2023-07-21,2023-07-21
CND10006RXQ8,239942,Treasury Bond,2023-07-14,2023-07-14
CND10006PJH0,230015,Treasury Bond,2023-07-14,2023-07-14
CND10006PJG2,239941,Treasury Bond,2023-07-14,2023-07-14
CND10006NHK3,239940,Treasury Bond,2023-07-07,2023-07-07
CND10006NHL1,239939,Treasury Bond,2023-07-05,2023-07-05
CND10006NHM9,239938,Treasury Bond,2023-07-05,2023-07-05
CND10006KWD3,230014,Treasury Bond,2023-06-21,2023-06-21
CND10006M698,239937,Treasury Bond,2023-06-16,2023-06-16
CND10006JM06,230013,Treasury Bond,2023-06-14,2023-06-14
CND10006K5N0,239936,Treasury Bond,2023-06-09,2023-06-09
CND10006JD64,239935,Treasury Bond,2023-06-09,2023-06-09
CND10006JLY4,239934,Treasury Bond,2023-06-07,2023-06-07
CND10006JLZ1,239933,Treasury Bond,2023-06-07,2023-06-07
CND10006JDS3,239932,Treasury Bond,2023-06-02,2023-06-02
CND10006HB01,239931,Treasury Bond,2023-05-26,2023-05-26
CND10006GPT1,230012,Treasury Bond,2023-05-24,2023-05-24
CND10006GQF8,239930,Treasury Bond,2023-05-19,2023-05-19
CND10006G542,239929,Treasury Bond,2023-05-12,2023-05-12
CND10006FNG5,230011,Treasury Bond,2023-05-12,2023-05-12
CND10006FQJ2,239928,Treasury Bond,2023-05-10,2023-05-10
CND10006FQK0,239927,Treasury Bond,2023-05-10,2023-05-10
CND10006DR07,239926,Treasury Bond,2023-05-05,2023-05-05
CND10006C988,239925,Treasury Bond,2023-05-05,2023-05-05
CND10006BDM3,230010,Treasury Bond,2023-04-24,2023-04-24
CND10006BG93,239924,Treasury Bond,2023-04-21,2023-04-21
CND10006BCN3,239923,Treasury Bond,2023-04-21,2023-04-21
CND10006BC89,239922,Treasury Bond,2023-04-14,2023-04-14
CND100069PK9,230009,Treasury Bond,2023-04-14,2023-04-14
CND100069PL7,230008,Treasury Bond,2023-04-14,2023-04-14
CND10006BBV8,239920,Treasury Bond,2023-04-12,2023-04-12
CND10006BBT2,239921,Treasury Bond,2023-04-12,2023-04-12
CND100069P27,239919,Treasury Bond,2023-04-07,2023-04-07
CND1000682G3,239918,Treasury Bond,2023-03-24,2023-03-24
CND100067586,230007,Treasury Bond,2023-03-24,2023-03-24
CND100067578,230006,Treasury Bond,2023-03-24,2023-03-24
CND100067552,239917,Treasury Bond,2023-03-17,2023-03-17
CND1000652C5,230005,Treasury Bond,2023-03-14,2023-03-14
CND1000652Y9,239916,Treasury Bond,2023-03-10,2023-03-10
CND1000652D3,239915,Treasury Bond,2023-03-08,2023-03-08
CND1000652F8,239914,Treasury Bond,2023-03-08,2023-03-08
CND1000651L8,239913,Treasury Bond,2023-03-03,2023-03-03
CND100064S52,239912,Treasury Bond,2023-03-03,2023-03-03
CND100064RF6,239911,Treasury Bond,2023-02-24,2023-02-24
CND100063XD1,230004,Treasury Bond,2023-02-24,2023-02-24
CND100063PG0,239910,Treasury Bond,2023-02-17,2023-02-17
CND1000639M1,230003,Treasury Bond,2023-02-14,2023-02-14
CND1000639H1,239909,Treasury Bond,2023-02-10,2023-02-10
CND1000620Q2,239907,Treasury Bond,2023-02-08,2023-02-08
CND1000620P4,239908,Treasury Bond,2023-02-08,2023-02-08
CND100061ZY6,239906,Treasury Bond,2023-02-03,2023-02-03
CND100060110,239905,Treasury Bond,2023-02-03,2023-02-03
CND10005ZVC7,239904,Treasury Bond,2023-01-13,2023-01-13
CND10005ZT18,230002,Treasury Bond,2023-01-13,2023-01-13
CND10005ZT00,239903,Treasury Bond,2023-01-13,2023-01-13
CND10005ZT26,230001,Treasury Bond,2023-01-13,2023-01-13
CND10005ZTL2,239902,Treasury Bond,2023-01-11,2023-01-11
CND10005ZTM0,239901,Treasury Bond,2023-01-11,2023-01-11
